Season,Player,Team,Apps,Mins,Goals,Assists,Yel,Red,Shots per Game,Pass Success%,Aerials Won,MotM,Avg. Rating
2010/2011,Andrea Pirlo,AC Milan,17,1141,1,3,3,0,0.8,86.4,0.1,1,7.06
2011/2012,Andrea Pirlo,Juventus,37,3320,3,13,6,0,2.1,86.9,0.2,6,7.88
2012/2013,Andrea Pirlo,Juventus,32,2859,5,3,8,0,2.1,87.2,0.4,6,7.8
2013/2014,Andrea Pirlo,Juventus,30,2475,4,6,4,0,1.6,88.5,0.2,3,7.56
2014/2015,Andrea Pirlo,Juventus,6,486,2,1,0,0,1.3,87.3,0.7,1,7.38
2010/2011,Andres Iniesta,Barcelona,34,2810,8,3,1,0,1.3,89.6,0.1,2,7.72
2011/2012,Andres Iniesta,Barcelona,27,1877,2,9,3,0,1.8,89.7,0.1,2,7.43
2012/2013,Andres Iniesta,Barcelona,31,2105,3,16,4,0,1.1,90.5,0,3,7.41
2013/2014,Andres Iniesta,Barcelona,35,2493,3,7,0,0,1.2,90.7,0.1,1,7.37
2014/2015,Andres Iniesta,Barcelona,7,507,0,0,2,0,1,92.2,0,0,6.98
2010/2011,Angel Di Maria,Real Madrid,35,2346,6,11,6,0,2.1,75.8,0,4,7.49
2011/2012,Angel Di Maria,Real Madrid,33,1399,5,15,5,1,2.1,74.8,0,2,7.4
2012/2013,Angel Di Maria,Real Madrid,32,1999,7,6,3,1,1.9,71.9,0,1,6.92
2013/2014,Angel Di Maria,Real Madrid,34,2402,4,17,6,0,1.9,82.1,0,2,7.46
2014/2015,Angel Di Maria,Manchester United,11,839,3,6,0,0,3,79.9,0,1,7.45
2010/2011,Arturo Vidal,Bayer Leverkusen,33,2719,10,11,4,1,1.6,83.6,0.8,10,7.76
2011/2012,Arturo Vidal,Juventus,33,2648,7,3,12,1,2.3,85.2,1.3,6,7.68
2012/2013,Arturo Vidal,Juventus,31,2592,10,1,11,0,2,86.9,1.4,6,7.77
2013/2014,Arturo Vidal,Juventus,32,2451,11,5,8,0,1.8,83.7,1.3,5,7.45
2014/2015,Arturo Vidal,Juventus,10,626,4,1,4,0,1.8,85,0.7,2,7.22
2010/2011,Carlos Tevez,Manchester City,31,2552,20,6,6,0,3.9,82.9,0.1,9,7.58
2011/2012,Carlos Tevez,Manchester City,13,608,4,3,1,0,2.5,86.8,0.2,0,7.14
2012/2013,Carlos Tevez,Manchester City,34,2429,11,8,3,0,3.1,83.9,0.4,6,7.24
2013/2014,Carlos Tevez,Juventus,34,2620,19,7,4,0,3.7,82,0.4,6,7.61
2014/2015,Carlos Tevez,Juventus,12,956,9,5,1,0,4.2,84.6,0.1,4,7.94
2010/2011,Cesc Fabregas,Arsenal,25,1895,3,11,5,0,2.8,80.5,0.2,2,7.55
2011/2012,Cesc Fabregas,Barcelona,28,1960,9,8,6,0,1.6,86.9,0.1,2,7.44
2012/2013,Cesc Fabregas,Barcelona,32,2339,11,11,7,0,1.6,88.6,0.5,2,7.45
2013/2014,Cesc Fabregas,Barcelona,36,2488,8,13,4,0,1.4,87,0.5,1,7.31
2014/2015,Cesc Fabregas,Chelsea,13,1161,1,10,4,0,1.2,89.4,0.6,1,7.86
2010/2011,Cristiano Ronaldo,Real Madrid,34,2914,40,11,2,0,7.4,75.7,1.4,12,8.35
2011/2012,Cristiano Ronaldo,Real Madrid,38,3356,46,12,4,0,6.9,80.6,0.8,11,8.28
2012/2013,Cristiano Ronaldo,Real Madrid,34,2725,34,10,9,0,6.9,76.7,1.6,11,8.15
2013/2014,Cristiano Ronaldo,Real Madrid,30,2563,31,9,4,1,7.2,80.2,1.8,10,8.26
2014/2015,Cristiano Ronaldo,Real Madrid,12,1074,20,8,1,0,6.1,82.5,1.4,8,9.07
2010/2011,Daniele De Rossi,AS Roma,28,2429,2,3,7,2,1.4,83.4,0.8,1,7.1
2011/2012,Daniele De Rossi,AS Roma,32,2836,4,1,9,0,0.8,87.9,0.9,3,7.31
2012/2013,Daniele De Rossi,AS Roma,25,1804,0,2,6,1,0.9,84.2,1.1,0,6.98
2013/2014,Daniele De Rossi,AS Roma,32,2742,1,1,4,1,1,89.3,1.8,2,7.38
2014/2015,Daniele De Rossi,AS Roma,9,731,1,0,2,0,0.6,90,1.3,0,7.27
2010/2011,Edin Dzeko,Wolfsburg/Manchester City,32,2367,12,3,4,0,5.7,132.8,2.9,1,6.87
2011/2012,Edin Dzeko,Manchester City,30,1504,14,3,1,0,3.1,68.8,1.2,3,7.02
2012/2013,Edin Dzeko,Manchester City,32,1823,14,3,4,0,2.9,69.2,2.7,2,6.96
2013/2014,Edin Dzeko,Manchester City,31,2009,16,1,4,0,3.3,73.5,2.8,2,7.15
2014/2015,Edin Dzeko,Manchester City,10,507,2,1,0,0,2.2,80.5,1.8,1,6.67
2010/2011,Edinson Cavani,Napoli,35,2924,26,6,4,1,3.6,73,0.5,5,7.33
2011/2012,Edinson Cavani,Napoli,35,2921,23,3,4,0,3.5,72.4,0.4,1,7.17
2012/2013,Edinson Cavani,Napoli,34,2982,29,2,8,0,4.6,78.2,0.9,8,7.7
2013/2014,Edinson Cavani,Paris Saint Germain,30,2304,16,2,2,0,3.2,85.5,0.3,2,7.16
2014/2015,Edinson Cavani,Paris Saint Germain,14,1152,6,0,0,1,3.6,80.1,0.4,0,7
2010/2011,Francesco Totti,AS Roma,32,2445,15,8,6,1,3.4,72.4,0.1,5,7.36
2011/2012,Francesco Totti,AS Roma,27,2219,8,7,7,0,3.7,78.1,0.1,2,7.34
2012/2013,Francesco Totti,AS Roma,34,2839,12,4,7,1,3.6,74.2,0.5,5,7.58
2013/2014,Francesco Totti,AS Roma,26,1690,8,10,3,0,2.5,78.5,0.5,3,7.33
2014/2015,Francesco Totti,AS Roma,9,657,2,4,4,0,2.4,78.6,0.4,0,7.12
2010/2011,Franck Ribery,Bayern Munich,25,1974,7,11,5,0,2.8,79.5,0.1,4,7.82
2011/2012,Franck Ribery,Bayern Munich,32,2455,12,12,4,1,2.2,84.8,0.3,6,7.9
2012/2013,Franck Ribery,Bayern Munich,27,2127,10,14,2,0,2.4,87.7,0.4,11,8.42
2013/2014,Franck Ribery,Bayern Munich,22,1648,10,10,2,0,2.7,83.8,0.4,8,8.28
2014/2015,Franck Ribery,Bayern Munich,7,353,1,1,1,0,0.7,84.3,0.3,0,7.37
2010/2011,Gareth Bale,Tottenham,30,2459,7,1,1,0,2.1,74.3,1.1,3,7.38
2011/2012,Gareth Bale,Tottenham,36,3218,9,10,3,0,3.8,82.5,1,8,7.66
2012/2013,Gareth Bale,Tottenham,33,2928,21,4,6,0,5,78.6,1.7,11,7.92
2013/2014,Gareth Bale,Real Madrid,27,2080,15,12,3,0,3.3,76.3,1.1,4,7.75
2014/2015,Gareth Bale,Real Madrid,10,864,6,3,0,0,3.5,80.7,0.5,0,7.75
2010/2011,Karim Benzema,Real Madrid,33,1898,15,5,1,0,2.5,81.3,0.4,1,7.12
2011/2012,Karim Benzema,Real Madrid,34,2272,21,7,0,0,2.9,81.8,0.4,4,7.39
2012/2013,Karim Benzema,Real Madrid,30,1803,11,11,0,0,2.1,79.2,0.9,1,7.18
2013/2014,Karim Benzema,Real Madrid,35,2799,17,9,2,0,2.9,81.9,0.7,1,7.44
2014/2015,Karim Benzema,Real Madrid,11,882,8,5,1,0,2.4,81.3,0.7,1,7.78
2010/2011,Lionel Messi,Barcelona,33,2859,31,18,3,0,4.5,86.2,0.1,20,8.75
2011/2012,Lionel Messi,Barcelona,37,3268,50,16,6,0,5.5,84.2,0.1,24,8.88
2012/2013,Lionel Messi,Barcelona,32,2644,46,12,1,0,5.1,85.2,0.2,19,8.83
2013/2014,Lionel Messi,Barcelona,33,2518,28,11,2,0,5.2,85,0.2,14,8.42
2014/2015,Lionel Messi,Barcelona,13,1170,10,7,2,0,4.6,84.7,0.4,7,8.45
2010/2011,Luis Suarez,Liverpool,13,1105,4,3,2,0,4.2,73,0.2,0,7.63
2011/2012,Luis Suarez,Liverpool,31,2566,11,3,5,0,4.1,75.3,0.2,6,7.35
2012/2013,Luis Suarez,Liverpool,33,2957,23,5,10,0,5.7,76.5,0.4,9,7.89
2013/2014,Luis Suarez,Liverpool,33,2966,31,12,6,0,5.5,74.8,0.7,14,8.43
2014/2015,Luis Suarez,Barcelona,5,357,0,4,0,0,1.8,79.1,0.4,1,7.49
2010/2011,Marco Reus,Borussia M_nchengladbach,32,2862,10,8,9,0,2.5,74.1,0.4,4,7.35
2011/2012,Marco Reus,Borussia M_nchengladbach,32,2790,18,9,3,0,3.2,78.4,0.2,12,7.99
2012/2013,Marco Reus,Borussia Dortmund,32,2368,14,9,4,0,2.7,76.7,0.9,7,7.61
2013/2014,Marco Reus,Borussia Dortmund,30,2234,16,13,6,0,3.7,74.7,0.9,5,7.91
2014/2015,Marco Reus,Borussia Dortmund,7,590,3,2,1,0,4.1,79.1,0.9,2,7.76
2010/2011,Mesut Ozil,Real Madrid,36,2590,6,17,2,0,1.1,85.4,0.1,1,7.44
2011/2012,Mesut Ozil,Real Madrid,35,2617,4,17,5,1,0.9,87.1,0.1,4,7.37
2012/2013,Mesut Ozil,Real Madrid,32,2052,9,13,5,0,0.9,84.1,0.2,1,7.39
2013/2014,Mesut Ozil,Arsenal,26,2159,5,9,0,0,1.2,88,0.2,4,7.28
2014/2015,Mesut Ozil,Arsenal,6,540,1,1,0,0,1.2,88.1,0,0,7.26
2010/2011,Radamel Falcao,,,,,,,,,,,,
2011/2012,Radamel Falcao,Atletico Madrid,34,2947,24,3,7,0,3.6,76.6,1.6,4,7.2
2012/2013,Radamel Falcao,Atletico Madrid,34,2913,28,1,7,0,3.6,79.9,2.2,3,7.25
2013/2014,Radamel Falcao,Monaco,17,1398,9,0,5,0,2.9,84.7,1.1,0,6.93
2014/2015,Radamel Falcao,Monaco/Manchester United,9,400,3,2,0,0,3.5,172.5,0.9,0,6.74
2010/2011,Robert Lewandowski,Borussia Dortmund,33,1620,8,1,4,0,2.4,64.9,0.9,0,6.76
2011/2012,Robert Lewandowski,Borussia Dortmund,34,2893,22,8,4,0,3.5,70.6,2.3,6,7.63
2012/2013,Robert Lewandowski,Borussia Dortmund,31,2657,24,5,2,1,3.2,71.9,2.8,4,7.66
2013/2014,Robert Lewandowski,Borussia Dortmund,33,2811,20,6,3,0,3.5,72.3,4.4,7,8
2014/2015,Robert Lewandowski,Bayern Munich,12,964,6,3,0,0,3.5,72.8,2.2,0,7.47
2010/2011,Sergio Aguero,Atletico Madrid,32,2687,20,2,6,0,3.9,77.4,0.1,5,7.38
2011/2012,Sergio Aguero,Manchester City,34,2622,23,8,2,0,3.8,86.5,0.1,6,7.45
2012/2013,Sergio Aguero,Manchester City,30,1957,12,2,2,0,2.9,82.4,0.2,0,7.04
2013/2014,Sergio Aguero,Manchester City,23,1554,17,6,4,0,3.7,84.9,0.4,6,7.68
2014/2015,Sergio Aguero,Manchester City,13,972,12,2,2,0,5.3,82.4,0.3,3,7.77
2010/2011,Wayne Rooney,Manchester United,28,2231,11,11,5,0,3.5,76.9,0.9,3,7.38
2011/2012,Wayne Rooney,Manchester United,34,2845,27,4,1,0,4.6,80.7,0.8,6,7.73
2012/2013,Wayne Rooney,Manchester United,27,2029,12,10,7,0,3.2,82.9,0.6,3,7.28
2013/2014,Wayne Rooney,Manchester United,29,2452,17,10,8,0,3.5,80.1,0.9,7,7.62
2014/2015,Wayne Rooney,Manchester United,10,900,5,2,1,1,3.1,84.9,0.9,0,7.3
2010/2011,Zlatan Ibrahimovic,AC Milan,29,2557,14,11,8,2,4,71.2,2.4,7,7.6
2011/2012,Zlatan Ibrahimovic,AC Milan,32,2839,28,6,3,1,4.4,77.1,1.5,11,8.14
2012/2013,Zlatan Ibrahimovic,Paris Saint Germian,34,2994,30,8,9,1,4.6,74.7,2,13,7.82
2013/2014,Zlatan Ibrahimovic,Paris Saint Germian,32,2689,26,11,6,0,5,76.4,2.2,9,7.83
2014/2015,Zlatan Ibrahimovic,Paris Saint Germian,8,563,6,0,0,0,4,78.2,2,2,7.43